Audiofilename,Starttime,Endtime
ME\ME2.wav,9.55501133786848,9.833650793650794
ME\ME2.wav,128.39473922902494,128.67337868480726
ME\ME2.wav,168.79746031746032,169.07609977324265
ME\ME2.wav,252.6679365079365,252.94657596371883
ME\ME2.wav,258.79800453514736,259.0766439909297
ME\ME2.wav,271.1974603174603,271.47609977324265
ME\ME2.wav,348.79854875283445,349.0771882086168
